,index,Src,Det,NN,grid_pos_1,grid_pos_2,data_type
0,0,1,1,1,1,1,Amplitude
1,1,1,2,2,1,1,Amplitude
2,2,1,3,3,1,1,Amplitude
3,3,2,4,1,1,2,Amplitude
4,4,2,5,2,1,2,Amplitude
5,5,2,6,3,1,2,Amplitude
6,6,3,7,1,1,3,Amplitude
7,7,3,8,2,1,3,Amplitude
8,8,3,9,3,1,3,Amplitude
9,9,4,10,1,1,4,Amplitude
10,10,4,11,2,1,4,Amplitude
11,11,4,12,3,1,4,Amplitude
12,12,5,13,1,1,5,Amplitude
13,13,5,14,2,1,5,Amplitude
14,14,5,15,3,1,5,Amplitude
15,15,6,16,1,1,6,Amplitude
16,16,6,17,2,1,6,Amplitude
17,17,6,18,3,1,6,Amplitude
18,18,7,19,1,1,7,Amplitude
19,19,7,20,2,1,7,Amplitude
20,20,7,21,3,1,7,Amplitude
21,21,8,22,1,1,8,Amplitude
22,22,8,23,2,1,8,Amplitude
23,23,8,24,3,1,8,Amplitude
24,24,9,25,1,1,9,Amplitude
25,25,9,26,2,1,9,Amplitude
26,26,9,27,3,1,9,Amplitude
27,27,10,28,1,1,10,Amplitude
28,28,10,29,2,1,10,Amplitude
29,29,10,30,3,1,10,Amplitude
30,30,11,31,1,1,11,Amplitude
31,31,11,32,2,1,11,Amplitude
32,32,11,33,3,1,11,Amplitude
33,33,12,34,1,1,12,Amplitude
34,34,12,35,2,1,12,Amplitude
35,35,12,36,3,1,12,Amplitude
36,36,13,37,1,1,13,Amplitude
37,37,13,38,2,1,13,Amplitude
38,38,13,39,3,1,13,Amplitude
39,39,14,40,1,1,14,Amplitude
40,40,14,41,2,1,14,Amplitude
41,41,14,42,3,1,14,Amplitude
42,42,15,43,1,1,15,Amplitude
43,43,15,44,2,1,15,Amplitude
44,44,15,45,3,1,15,Amplitude
45,45,16,46,1,1,16,Amplitude
46,46,16,47,2,1,16,Amplitude
47,47,16,48,3,1,16,Amplitude
48,48,17,49,1,2,1,Amplitude
49,49,17,50,2,2,1,Amplitude
50,50,17,51,3,2,1,Amplitude
51,51,18,52,1,2,2,Amplitude
52,52,18,53,2,2,2,Amplitude
53,53,18,54,3,2,2,Amplitude
54,54,19,55,1,2,3,Amplitude
55,55,19,56,2,2,3,Amplitude
56,56,19,57,3,2,3,Amplitude
57,57,20,58,1,2,4,Amplitude
58,58,20,59,2,2,4,Amplitude
59,59,20,60,3,2,4,Amplitude
60,60,21,61,1,2,5,Amplitude
61,61,21,62,2,2,5,Amplitude
62,62,21,63,3,2,5,Amplitude
63,63,22,64,1,2,6,Amplitude
64,64,22,65,2,2,6,Amplitude
65,65,22,66,3,2,6,Amplitude
66,66,23,67,1,2,7,Amplitude
67,67,23,68,2,2,7,Amplitude
68,68,23,69,3,2,7,Amplitude
69,69,24,70,1,2,8,Amplitude
70,70,24,71,2,2,8,Amplitude
71,71,24,72,3,2,8,Amplitude
72,72,25,73,1,2,9,Amplitude
73,73,25,74,2,2,9,Amplitude
74,74,25,75,3,2,9,Amplitude
75,75,26,76,1,2,10,Amplitude
76,76,26,77,2,2,10,Amplitude
77,77,26,78,3,2,10,Amplitude
78,78,27,79,1,2,11,Amplitude
79,79,27,80,2,2,11,Amplitude
80,80,27,81,3,2,11,Amplitude
81,81,28,82,1,2,12,Amplitude
82,82,28,83,2,2,12,Amplitude
83,83,28,84,3,2,12,Amplitude
84,84,29,85,1,2,13,Amplitude
85,85,29,86,2,2,13,Amplitude
86,86,29,87,3,2,13,Amplitude
87,87,30,88,1,2,14,Amplitude
88,88,30,89,2,2,14,Amplitude
89,89,30,90,3,2,14,Amplitude
90,90,31,91,1,2,15,Amplitude
91,91,31,92,2,2,15,Amplitude
92,92,31,93,3,2,15,Amplitude
93,93,32,94,1,2,16,Amplitude
94,94,32,95,2,2,16,Amplitude
95,95,32,96,3,2,16,Amplitude
96,96,33,97,1,3,1,Amplitude
97,97,33,98,2,3,1,Amplitude
98,98,33,99,3,3,1,Amplitude
99,99,34,100,1,3,2,Amplitude
100,100,34,101,2,3,2,Amplitude
101,101,34,102,3,3,2,Amplitude
102,102,35,103,1,3,3,Amplitude
103,103,35,104,2,3,3,Amplitude
104,104,35,105,3,3,3,Amplitude
105,105,36,106,1,3,4,Amplitude
106,106,36,107,2,3,4,Amplitude
107,107,36,108,3,3,4,Amplitude
108,108,37,109,1,3,5,Amplitude
109,109,37,110,2,3,5,Amplitude
110,110,37,111,3,3,5,Amplitude
111,111,38,112,1,3,6,Amplitude
112,112,38,113,2,3,6,Amplitude
113,113,38,114,3,3,6,Amplitude
114,114,39,115,1,3,7,Amplitude
115,115,39,116,2,3,7,Amplitude
116,116,39,117,3,3,7,Amplitude
117,117,40,118,1,3,8,Amplitude
118,118,40,119,2,3,8,Amplitude
119,119,40,120,3,3,8,Amplitude
120,120,41,121,1,3,9,Amplitude
121,121,41,122,2,3,9,Amplitude
122,122,41,123,3,3,9,Amplitude
123,123,42,124,1,3,10,Amplitude
124,124,42,125,2,3,10,Amplitude
125,125,42,126,3,3,10,Amplitude
126,126,43,127,1,3,11,Amplitude
127,127,43,128,2,3,11,Amplitude
128,128,43,129,3,3,11,Amplitude
129,129,44,130,1,3,12,Amplitude
130,130,44,131,2,3,12,Amplitude
131,131,44,132,3,3,12,Amplitude
132,132,45,133,1,3,13,Amplitude
133,133,45,134,2,3,13,Amplitude
134,134,45,135,3,3,13,Amplitude
135,135,46,136,1,3,14,Amplitude
136,136,46,137,2,3,14,Amplitude
137,137,46,138,3,3,14,Amplitude
138,138,47,139,1,3,15,Amplitude
139,139,47,140,2,3,15,Amplitude
140,140,47,141,3,3,15,Amplitude
141,141,48,142,1,3,16,Amplitude
142,142,48,143,2,3,16,Amplitude
143,143,48,144,3,3,16,Amplitude
144,144,49,145,1,4,1,Amplitude
145,145,49,146,2,4,1,Amplitude
146,146,49,147,3,4,1,Amplitude
147,147,50,148,1,4,2,Amplitude
148,148,50,149,2,4,2,Amplitude
149,149,50,150,3,4,2,Amplitude
150,150,51,151,1,4,3,Amplitude
151,151,51,152,2,4,3,Amplitude
152,152,51,153,3,4,3,Amplitude
153,153,52,154,1,4,4,Amplitude
154,154,52,155,2,4,4,Amplitude
155,155,52,156,3,4,4,Amplitude
156,156,53,157,1,4,5,Amplitude
157,157,53,158,2,4,5,Amplitude
158,158,53,159,3,4,5,Amplitude
159,159,54,160,1,4,6,Amplitude
160,160,54,161,2,4,6,Amplitude
161,161,54,162,3,4,6,Amplitude
162,162,55,163,1,4,7,Amplitude
163,163,55,164,2,4,7,Amplitude
164,164,55,165,3,4,7,Amplitude
165,165,56,166,1,4,8,Amplitude
166,166,56,167,2,4,8,Amplitude
167,167,56,168,3,4,8,Amplitude
168,168,57,169,1,4,9,Amplitude
169,169,57,170,2,4,9,Amplitude
170,170,57,171,3,4,9,Amplitude
171,171,58,172,1,4,10,Amplitude
172,172,58,173,2,4,10,Amplitude
173,173,58,174,3,4,10,Amplitude
174,174,59,175,1,4,11,Amplitude
175,175,59,176,2,4,11,Amplitude
176,176,59,177,3,4,11,Amplitude
177,177,60,178,1,4,12,Amplitude
178,178,60,179,2,4,12,Amplitude
179,179,60,180,3,4,12,Amplitude
180,180,61,181,1,4,13,Amplitude
181,181,61,182,2,4,13,Amplitude
182,182,61,183,3,4,13,Amplitude
183,183,62,184,1,4,14,Amplitude
184,184,62,185,2,4,14,Amplitude
185,185,62,186,3,4,14,Amplitude
186,186,63,187,1,4,15,Amplitude
187,187,63,188,2,4,15,Amplitude
188,188,63,189,3,4,15,Amplitude
189,189,64,190,1,4,16,Amplitude
190,190,64,191,2,4,16,Amplitude
191,191,64,192,3,4,16,Amplitude
192,192,65,193,1,5,1,Amplitude
193,193,65,194,2,5,1,Amplitude
194,194,65,195,3,5,1,Amplitude
195,195,66,196,1,5,2,Amplitude
196,196,66,197,2,5,2,Amplitude
197,197,66,198,3,5,2,Amplitude
198,198,67,199,1,5,3,Amplitude
199,199,67,200,2,5,3,Amplitude
200,200,67,201,3,5,3,Amplitude
201,201,68,202,1,5,4,Amplitude
202,202,68,203,2,5,4,Amplitude
203,203,68,204,3,5,4,Amplitude
204,204,69,205,1,5,5,Amplitude
205,205,69,206,2,5,5,Amplitude
206,206,69,207,3,5,5,Amplitude
207,207,70,208,1,5,6,Amplitude
208,208,70,209,2,5,6,Amplitude
209,209,70,210,3,5,6,Amplitude
210,210,71,211,1,5,7,Amplitude
211,211,71,212,2,5,7,Amplitude
212,212,71,213,3,5,7,Amplitude
213,213,72,214,1,5,8,Amplitude
214,214,72,215,2,5,8,Amplitude
215,215,72,216,3,5,8,Amplitude
216,216,73,217,1,5,9,Amplitude
217,217,73,218,2,5,9,Amplitude
218,218,73,219,3,5,9,Amplitude
219,219,74,220,1,5,10,Amplitude
220,220,74,221,2,5,10,Amplitude
221,221,74,222,3,5,10,Amplitude
222,222,75,223,1,5,11,Amplitude
223,223,75,224,2,5,11,Amplitude
224,224,75,225,3,5,11,Amplitude
225,225,76,226,1,5,12,Amplitude
226,226,76,227,2,5,12,Amplitude
227,227,76,228,3,5,12,Amplitude
228,228,77,229,1,5,13,Amplitude
229,229,77,230,2,5,13,Amplitude
230,230,77,231,3,5,13,Amplitude
231,231,78,232,1,5,14,Amplitude
232,232,78,233,2,5,14,Amplitude
233,233,78,234,3,5,14,Amplitude
234,234,79,235,1,5,15,Amplitude
235,235,79,236,2,5,15,Amplitude
236,236,79,237,3,5,15,Amplitude
237,237,80,238,1,5,16,Amplitude
238,238,80,239,2,5,16,Amplitude
239,239,80,240,3,5,16,Amplitude
240,240,81,241,1,6,1,Amplitude
241,241,81,242,2,6,1,Amplitude
242,242,81,243,3,6,1,Amplitude
243,243,82,244,1,6,2,Amplitude
244,244,82,245,2,6,2,Amplitude
245,245,82,246,3,6,2,Amplitude
246,246,83,247,1,6,3,Amplitude
247,247,83,248,2,6,3,Amplitude
248,248,83,249,3,6,3,Amplitude
249,249,84,250,1,6,4,Amplitude
250,250,84,251,2,6,4,Amplitude
251,251,84,252,3,6,4,Amplitude
252,252,85,253,1,6,5,Amplitude
253,253,85,254,2,6,5,Amplitude
254,254,85,255,3,6,5,Amplitude
255,255,86,256,1,6,6,Amplitude
256,256,86,257,2,6,6,Amplitude
257,257,86,258,3,6,6,Amplitude
258,258,87,259,1,6,7,Amplitude
259,259,87,260,2,6,7,Amplitude
260,260,87,261,3,6,7,Amplitude
261,261,88,262,1,6,8,Amplitude
262,262,88,263,2,6,8,Amplitude
263,263,88,264,3,6,8,Amplitude
264,264,89,265,1,6,9,Amplitude
265,265,89,266,2,6,9,Amplitude
266,266,89,267,3,6,9,Amplitude
267,267,90,268,1,6,10,Amplitude
268,268,90,269,2,6,10,Amplitude
269,269,90,270,3,6,10,Amplitude
270,270,91,271,1,6,11,Amplitude
271,271,91,272,2,6,11,Amplitude
272,272,91,273,3,6,11,Amplitude
273,273,92,274,1,6,12,Amplitude
274,274,92,275,2,6,12,Amplitude
275,275,92,276,3,6,12,Amplitude
276,276,93,277,1,6,13,Amplitude
277,277,93,278,2,6,13,Amplitude
278,278,93,279,3,6,13,Amplitude
279,279,94,280,1,6,14,Amplitude
280,280,94,281,2,6,14,Amplitude
281,281,94,282,3,6,14,Amplitude
282,282,95,283,1,6,15,Amplitude
283,283,95,284,2,6,15,Amplitude
284,284,95,285,3,6,15,Amplitude
285,285,96,286,1,6,16,Amplitude
286,286,96,287,2,6,16,Amplitude
287,287,96,288,3,6,16,Amplitude
288,288,97,289,1,7,1,Amplitude
289,289,97,290,2,7,1,Amplitude
290,290,97,291,3,7,1,Amplitude
291,291,98,292,1,7,2,Amplitude
292,292,98,293,2,7,2,Amplitude
293,293,98,294,3,7,2,Amplitude
294,294,99,295,1,7,3,Amplitude
295,295,99,296,2,7,3,Amplitude
296,296,99,297,3,7,3,Amplitude
297,297,100,298,1,7,4,Amplitude
298,298,100,299,2,7,4,Amplitude
299,299,100,300,3,7,4,Amplitude
300,300,101,301,1,7,5,Amplitude
301,301,101,302,2,7,5,Amplitude
302,302,101,303,3,7,5,Amplitude
303,303,102,304,1,7,6,Amplitude
304,304,102,305,2,7,6,Amplitude
305,305,102,306,3,7,6,Amplitude
306,306,103,307,1,7,7,Amplitude
307,307,103,308,2,7,7,Amplitude
308,308,103,309,3,7,7,Amplitude
309,309,104,310,1,7,8,Amplitude
310,310,104,311,2,7,8,Amplitude
311,311,104,312,3,7,8,Amplitude
312,312,105,313,1,7,9,Amplitude
313,313,105,314,2,7,9,Amplitude
314,314,105,315,3,7,9,Amplitude
315,315,106,316,1,7,10,Amplitude
316,316,106,317,2,7,10,Amplitude
317,317,106,318,3,7,10,Amplitude
318,318,107,319,1,7,11,Amplitude
319,319,107,320,2,7,11,Amplitude
320,320,107,321,3,7,11,Amplitude
321,321,108,322,1,7,12,Amplitude
322,322,108,323,2,7,12,Amplitude
323,323,108,324,3,7,12,Amplitude
324,324,109,325,1,7,13,Amplitude
325,325,109,326,2,7,13,Amplitude
326,326,109,327,3,7,13,Amplitude
327,327,110,328,1,7,14,Amplitude
328,328,110,329,2,7,14,Amplitude
329,329,110,330,3,7,14,Amplitude
330,330,111,331,1,7,15,Amplitude
331,331,111,332,2,7,15,Amplitude
332,332,111,333,3,7,15,Amplitude
333,333,112,334,1,7,16,Amplitude
334,334,112,335,2,7,16,Amplitude
335,335,112,336,3,7,16,Amplitude
336,336,113,337,1,8,1,Amplitude
337,337,113,338,2,8,1,Amplitude
338,338,113,339,3,8,1,Amplitude
339,339,114,340,1,8,2,Amplitude
340,340,114,341,2,8,2,Amplitude
341,341,114,342,3,8,2,Amplitude
342,342,115,343,1,8,3,Amplitude
343,343,115,344,2,8,3,Amplitude
344,344,115,345,3,8,3,Amplitude
345,345,116,346,1,8,4,Amplitude
346,346,116,347,2,8,4,Amplitude
347,347,116,348,3,8,4,Amplitude
348,348,117,349,1,8,5,Amplitude
349,349,117,350,2,8,5,Amplitude
350,350,117,351,3,8,5,Amplitude
351,351,118,352,1,8,6,Amplitude
352,352,118,353,2,8,6,Amplitude
353,353,118,354,3,8,6,Amplitude
354,354,119,355,1,8,7,Amplitude
355,355,119,356,2,8,7,Amplitude
356,356,119,357,3,8,7,Amplitude
357,357,120,358,1,8,8,Amplitude
358,358,120,359,2,8,8,Amplitude
359,359,120,360,3,8,8,Amplitude
360,360,121,361,1,8,9,Amplitude
361,361,121,362,2,8,9,Amplitude
362,362,121,363,3,8,9,Amplitude
363,363,122,364,1,8,10,Amplitude
364,364,122,365,2,8,10,Amplitude
365,365,122,366,3,8,10,Amplitude
366,366,123,367,1,8,11,Amplitude
367,367,123,368,2,8,11,Amplitude
368,368,123,369,3,8,11,Amplitude
369,369,124,370,1,8,12,Amplitude
370,370,124,371,2,8,12,Amplitude
371,371,124,372,3,8,12,Amplitude
372,372,125,373,1,8,13,Amplitude
373,373,125,374,2,8,13,Amplitude
374,374,125,375,3,8,13,Amplitude
375,375,126,376,1,8,14,Amplitude
376,376,126,377,2,8,14,Amplitude
377,377,126,378,3,8,14,Amplitude
378,378,127,379,1,8,15,Amplitude
379,379,127,380,2,8,15,Amplitude
380,380,127,381,3,8,15,Amplitude
381,381,128,382,1,8,16,Amplitude
382,382,128,383,2,8,16,Amplitude
383,383,128,384,3,8,16,Amplitude
384,384,129,385,1,9,1,Amplitude
385,385,129,386,2,9,1,Amplitude
386,386,129,387,3,9,1,Amplitude
387,387,130,388,1,9,2,Amplitude
388,388,130,389,2,9,2,Amplitude
389,389,130,390,3,9,2,Amplitude
390,390,131,391,1,9,3,Amplitude
391,391,131,392,2,9,3,Amplitude
392,392,131,393,3,9,3,Amplitude
393,393,132,394,1,9,4,Amplitude
394,394,132,395,2,9,4,Amplitude
395,395,132,396,3,9,4,Amplitude
396,396,133,397,1,9,5,Amplitude
397,397,133,398,2,9,5,Amplitude
398,398,133,399,3,9,5,Amplitude
399,399,134,400,1,9,6,Amplitude
400,400,134,401,2,9,6,Amplitude
401,401,134,402,3,9,6,Amplitude
402,402,135,403,1,9,7,Amplitude
403,403,135,404,2,9,7,Amplitude
404,404,135,405,3,9,7,Amplitude
405,405,136,406,1,9,8,Amplitude
406,406,136,407,2,9,8,Amplitude
407,407,136,408,3,9,8,Amplitude
408,408,137,409,1,9,9,Amplitude
409,409,137,410,2,9,9,Amplitude
410,410,137,411,3,9,9,Amplitude
411,411,138,412,1,9,10,Amplitude
412,412,138,413,2,9,10,Amplitude
413,413,138,414,3,9,10,Amplitude
414,414,139,415,1,9,11,Amplitude
415,415,139,416,2,9,11,Amplitude
416,416,139,417,3,9,11,Amplitude
417,417,140,418,1,9,12,Amplitude
418,418,140,419,2,9,12,Amplitude
419,419,140,420,3,9,12,Amplitude
420,420,141,421,1,9,13,Amplitude
421,421,141,422,2,9,13,Amplitude
422,422,141,423,3,9,13,Amplitude
423,423,142,424,1,9,14,Amplitude
424,424,142,425,2,9,14,Amplitude
425,425,142,426,3,9,14,Amplitude
426,426,143,427,1,9,15,Amplitude
427,427,143,428,2,9,15,Amplitude
428,428,143,429,3,9,15,Amplitude
429,429,144,430,1,9,16,Amplitude
430,430,144,431,2,9,16,Amplitude
431,431,144,432,3,9,16,Amplitude
432,432,145,433,1,10,1,Amplitude
433,433,145,434,2,10,1,Amplitude
434,434,145,435,3,10,1,Amplitude
435,435,146,436,1,10,2,Amplitude
436,436,146,437,2,10,2,Amplitude
437,437,146,438,3,10,2,Amplitude
438,438,147,439,1,10,3,Amplitude
439,439,147,440,2,10,3,Amplitude
440,440,147,441,3,10,3,Amplitude
441,441,148,442,1,10,4,Amplitude
442,442,148,443,2,10,4,Amplitude
443,443,148,444,3,10,4,Amplitude
444,444,149,445,1,10,5,Amplitude
445,445,149,446,2,10,5,Amplitude
446,446,149,447,3,10,5,Amplitude
447,447,150,448,1,10,6,Amplitude
448,448,150,449,2,10,6,Amplitude
449,449,150,450,3,10,6,Amplitude
450,450,151,451,1,10,7,Amplitude
451,451,151,452,2,10,7,Amplitude
452,452,151,453,3,10,7,Amplitude
453,453,152,454,1,10,8,Amplitude
454,454,152,455,2,10,8,Amplitude
455,455,152,456,3,10,8,Amplitude
456,456,153,457,1,10,9,Amplitude
457,457,153,458,2,10,9,Amplitude
458,458,153,459,3,10,9,Amplitude
459,459,154,460,1,10,10,Amplitude
460,460,154,461,2,10,10,Amplitude
461,461,154,462,3,10,10,Amplitude
462,462,155,463,1,10,11,Amplitude
463,463,155,464,2,10,11,Amplitude
464,464,155,465,3,10,11,Amplitude
465,465,156,466,1,10,12,Amplitude
466,466,156,467,2,10,12,Amplitude
467,467,156,468,3,10,12,Amplitude
468,468,157,469,1,10,13,Amplitude
469,469,157,470,2,10,13,Amplitude
470,470,157,471,3,10,13,Amplitude
471,471,158,472,1,10,14,Amplitude
472,472,158,473,2,10,14,Amplitude
473,473,158,474,3,10,14,Amplitude
474,474,159,475,1,10,15,Amplitude
475,475,159,476,2,10,15,Amplitude
476,476,159,477,3,10,15,Amplitude
477,477,160,478,1,10,16,Amplitude
478,478,160,479,2,10,16,Amplitude
479,479,160,480,3,10,16,Amplitude
480,480,161,481,1,11,1,Amplitude
481,481,161,482,2,11,1,Amplitude
482,482,161,483,3,11,1,Amplitude
483,483,162,484,1,11,2,Amplitude
484,484,162,485,2,11,2,Amplitude
485,485,162,486,3,11,2,Amplitude
486,486,163,487,1,11,3,Amplitude
487,487,163,488,2,11,3,Amplitude
488,488,163,489,3,11,3,Amplitude
489,489,164,490,1,11,4,Amplitude
490,490,164,491,2,11,4,Amplitude
491,491,164,492,3,11,4,Amplitude
492,492,165,493,1,11,5,Amplitude
493,493,165,494,2,11,5,Amplitude
494,494,165,495,3,11,5,Amplitude
495,495,166,496,1,11,6,Amplitude
496,496,166,497,2,11,6,Amplitude
497,497,166,498,3,11,6,Amplitude
498,498,167,499,1,11,7,Amplitude
499,499,167,500,2,11,7,Amplitude
500,500,167,501,3,11,7,Amplitude
501,501,168,502,1,11,8,Amplitude
502,502,168,503,2,11,8,Amplitude
503,503,168,504,3,11,8,Amplitude
504,504,169,505,1,11,9,Amplitude
505,505,169,506,2,11,9,Amplitude
506,506,169,507,3,11,9,Amplitude
507,507,170,508,1,11,10,Amplitude
508,508,170,509,2,11,10,Amplitude
509,509,170,510,3,11,10,Amplitude
510,510,171,511,1,11,11,Amplitude
511,511,171,512,2,11,11,Amplitude
512,512,171,513,3,11,11,Amplitude
513,513,172,514,1,11,12,Amplitude
514,514,172,515,2,11,12,Amplitude
515,515,172,516,3,11,12,Amplitude
516,516,173,517,1,11,13,Amplitude
517,517,173,518,2,11,13,Amplitude
518,518,173,519,3,11,13,Amplitude
519,519,174,520,1,11,14,Amplitude
520,520,174,521,2,11,14,Amplitude
521,521,174,522,3,11,14,Amplitude
522,522,175,523,1,11,15,Amplitude
523,523,175,524,2,11,15,Amplitude
524,524,175,525,3,11,15,Amplitude
525,525,176,526,1,11,16,Amplitude
526,526,176,527,2,11,16,Amplitude
527,527,176,528,3,11,16,Amplitude
528,528,177,529,1,12,1,Amplitude
529,529,177,530,2,12,1,Amplitude
530,530,177,531,3,12,1,Amplitude
531,531,178,532,1,12,2,Amplitude
532,532,178,533,2,12,2,Amplitude
533,533,178,534,3,12,2,Amplitude
534,534,179,535,1,12,3,Amplitude
535,535,179,536,2,12,3,Amplitude
536,536,179,537,3,12,3,Amplitude
537,537,180,538,1,12,4,Amplitude
538,538,180,539,2,12,4,Amplitude
539,539,180,540,3,12,4,Amplitude
540,540,181,541,1,12,5,Amplitude
541,541,181,542,2,12,5,Amplitude
542,542,181,543,3,12,5,Amplitude
543,543,182,544,1,12,6,Amplitude
544,544,182,545,2,12,6,Amplitude
545,545,182,546,3,12,6,Amplitude
546,546,183,547,1,12,7,Amplitude
547,547,183,548,2,12,7,Amplitude
548,548,183,549,3,12,7,Amplitude
549,549,184,550,1,12,8,Amplitude
550,550,184,551,2,12,8,Amplitude
551,551,184,552,3,12,8,Amplitude
552,552,185,553,1,12,9,Amplitude
553,553,185,554,2,12,9,Amplitude
554,554,185,555,3,12,9,Amplitude
555,555,186,556,1,12,10,Amplitude
556,556,186,557,2,12,10,Amplitude
557,557,186,558,3,12,10,Amplitude
558,558,187,559,1,12,11,Amplitude
559,559,187,560,2,12,11,Amplitude
560,560,187,561,3,12,11,Amplitude
561,561,188,562,1,12,12,Amplitude
562,562,188,563,2,12,12,Amplitude
563,563,188,564,3,12,12,Amplitude
564,564,189,565,1,12,13,Amplitude
565,565,189,566,2,12,13,Amplitude
566,566,189,567,3,12,13,Amplitude
567,567,190,568,1,12,14,Amplitude
568,568,190,569,2,12,14,Amplitude
569,569,190,570,3,12,14,Amplitude
570,570,191,571,1,12,15,Amplitude
571,571,191,572,2,12,15,Amplitude
572,572,191,573,3,12,15,Amplitude
573,573,192,574,1,12,16,Amplitude
574,574,192,575,2,12,16,Amplitude
575,575,192,576,3,12,16,Amplitude
576,0,1,1,1,1,1,Phase
577,1,1,2,2,1,1,Phase
578,2,1,3,3,1,1,Phase
579,3,2,4,1,1,2,Phase
580,4,2,5,2,1,2,Phase
581,5,2,6,3,1,2,Phase
582,6,3,7,1,1,3,Phase
583,7,3,8,2,1,3,Phase
584,8,3,9,3,1,3,Phase
585,9,4,10,1,1,4,Phase
586,10,4,11,2,1,4,Phase
587,11,4,12,3,1,4,Phase
588,12,5,13,1,1,5,Phase
589,13,5,14,2,1,5,Phase
590,14,5,15,3,1,5,Phase
591,15,6,16,1,1,6,Phase
592,16,6,17,2,1,6,Phase
593,17,6,18,3,1,6,Phase
594,18,7,19,1,1,7,Phase
595,19,7,20,2,1,7,Phase
596,20,7,21,3,1,7,Phase
597,21,8,22,1,1,8,Phase
598,22,8,23,2,1,8,Phase
599,23,8,24,3,1,8,Phase
600,24,9,25,1,1,9,Phase
601,25,9,26,2,1,9,Phase
602,26,9,27,3,1,9,Phase
603,27,10,28,1,1,10,Phase
604,28,10,29,2,1,10,Phase
605,29,10,30,3,1,10,Phase
606,30,11,31,1,1,11,Phase
607,31,11,32,2,1,11,Phase
608,32,11,33,3,1,11,Phase
609,33,12,34,1,1,12,Phase
610,34,12,35,2,1,12,Phase
611,35,12,36,3,1,12,Phase
612,36,13,37,1,1,13,Phase
613,37,13,38,2,1,13,Phase
614,38,13,39,3,1,13,Phase
615,39,14,40,1,1,14,Phase
616,40,14,41,2,1,14,Phase
617,41,14,42,3,1,14,Phase
618,42,15,43,1,1,15,Phase
619,43,15,44,2,1,15,Phase
620,44,15,45,3,1,15,Phase
621,45,16,46,1,1,16,Phase
622,46,16,47,2,1,16,Phase
623,47,16,48,3,1,16,Phase
624,48,17,49,1,2,1,Phase
625,49,17,50,2,2,1,Phase
626,50,17,51,3,2,1,Phase
627,51,18,52,1,2,2,Phase
628,52,18,53,2,2,2,Phase
629,53,18,54,3,2,2,Phase
630,54,19,55,1,2,3,Phase
631,55,19,56,2,2,3,Phase
632,56,19,57,3,2,3,Phase
633,57,20,58,1,2,4,Phase
634,58,20,59,2,2,4,Phase
635,59,20,60,3,2,4,Phase
636,60,21,61,1,2,5,Phase
637,61,21,62,2,2,5,Phase
638,62,21,63,3,2,5,Phase
639,63,22,64,1,2,6,Phase
640,64,22,65,2,2,6,Phase
641,65,22,66,3,2,6,Phase
642,66,23,67,1,2,7,Phase
643,67,23,68,2,2,7,Phase
644,68,23,69,3,2,7,Phase
645,69,24,70,1,2,8,Phase
646,70,24,71,2,2,8,Phase
647,71,24,72,3,2,8,Phase
648,72,25,73,1,2,9,Phase
649,73,25,74,2,2,9,Phase
650,74,25,75,3,2,9,Phase
651,75,26,76,1,2,10,Phase
652,76,26,77,2,2,10,Phase
653,77,26,78,3,2,10,Phase
654,78,27,79,1,2,11,Phase
655,79,27,80,2,2,11,Phase
656,80,27,81,3,2,11,Phase
657,81,28,82,1,2,12,Phase
658,82,28,83,2,2,12,Phase
659,83,28,84,3,2,12,Phase
660,84,29,85,1,2,13,Phase
661,85,29,86,2,2,13,Phase
662,86,29,87,3,2,13,Phase
663,87,30,88,1,2,14,Phase
664,88,30,89,2,2,14,Phase
665,89,30,90,3,2,14,Phase
666,90,31,91,1,2,15,Phase
667,91,31,92,2,2,15,Phase
668,92,31,93,3,2,15,Phase
669,93,32,94,1,2,16,Phase
670,94,32,95,2,2,16,Phase
671,95,32,96,3,2,16,Phase
672,96,33,97,1,3,1,Phase
673,97,33,98,2,3,1,Phase
674,98,33,99,3,3,1,Phase
675,99,34,100,1,3,2,Phase
676,100,34,101,2,3,2,Phase
677,101,34,102,3,3,2,Phase
678,102,35,103,1,3,3,Phase
679,103,35,104,2,3,3,Phase
680,104,35,105,3,3,3,Phase
681,105,36,106,1,3,4,Phase
682,106,36,107,2,3,4,Phase
683,107,36,108,3,3,4,Phase
684,108,37,109,1,3,5,Phase
685,109,37,110,2,3,5,Phase
686,110,37,111,3,3,5,Phase
687,111,38,112,1,3,6,Phase
688,112,38,113,2,3,6,Phase
689,113,38,114,3,3,6,Phase
690,114,39,115,1,3,7,Phase
691,115,39,116,2,3,7,Phase
692,116,39,117,3,3,7,Phase
693,117,40,118,1,3,8,Phase
694,118,40,119,2,3,8,Phase
695,119,40,120,3,3,8,Phase
696,120,41,121,1,3,9,Phase
697,121,41,122,2,3,9,Phase
698,122,41,123,3,3,9,Phase
699,123,42,124,1,3,10,Phase
700,124,42,125,2,3,10,Phase
701,125,42,126,3,3,10,Phase
702,126,43,127,1,3,11,Phase
703,127,43,128,2,3,11,Phase
704,128,43,129,3,3,11,Phase
705,129,44,130,1,3,12,Phase
706,130,44,131,2,3,12,Phase
707,131,44,132,3,3,12,Phase
708,132,45,133,1,3,13,Phase
709,133,45,134,2,3,13,Phase
710,134,45,135,3,3,13,Phase
711,135,46,136,1,3,14,Phase
712,136,46,137,2,3,14,Phase
713,137,46,138,3,3,14,Phase
714,138,47,139,1,3,15,Phase
715,139,47,140,2,3,15,Phase
716,140,47,141,3,3,15,Phase
717,141,48,142,1,3,16,Phase
718,142,48,143,2,3,16,Phase
719,143,48,144,3,3,16,Phase
720,144,49,145,1,4,1,Phase
721,145,49,146,2,4,1,Phase
722,146,49,147,3,4,1,Phase
723,147,50,148,1,4,2,Phase
724,148,50,149,2,4,2,Phase
725,149,50,150,3,4,2,Phase
726,150,51,151,1,4,3,Phase
727,151,51,152,2,4,3,Phase
728,152,51,153,3,4,3,Phase
729,153,52,154,1,4,4,Phase
730,154,52,155,2,4,4,Phase
731,155,52,156,3,4,4,Phase
732,156,53,157,1,4,5,Phase
733,157,53,158,2,4,5,Phase
734,158,53,159,3,4,5,Phase
735,159,54,160,1,4,6,Phase
736,160,54,161,2,4,6,Phase
737,161,54,162,3,4,6,Phase
738,162,55,163,1,4,7,Phase
739,163,55,164,2,4,7,Phase
740,164,55,165,3,4,7,Phase
741,165,56,166,1,4,8,Phase
742,166,56,167,2,4,8,Phase
743,167,56,168,3,4,8,Phase
744,168,57,169,1,4,9,Phase
745,169,57,170,2,4,9,Phase
746,170,57,171,3,4,9,Phase
747,171,58,172,1,4,10,Phase
748,172,58,173,2,4,10,Phase
749,173,58,174,3,4,10,Phase
750,174,59,175,1,4,11,Phase
751,175,59,176,2,4,11,Phase
752,176,59,177,3,4,11,Phase
753,177,60,178,1,4,12,Phase
754,178,60,179,2,4,12,Phase
755,179,60,180,3,4,12,Phase
756,180,61,181,1,4,13,Phase
757,181,61,182,2,4,13,Phase
758,182,61,183,3,4,13,Phase
759,183,62,184,1,4,14,Phase
760,184,62,185,2,4,14,Phase
761,185,62,186,3,4,14,Phase
762,186,63,187,1,4,15,Phase
763,187,63,188,2,4,15,Phase
764,188,63,189,3,4,15,Phase
765,189,64,190,1,4,16,Phase
766,190,64,191,2,4,16,Phase
767,191,64,192,3,4,16,Phase
768,192,65,193,1,5,1,Phase
769,193,65,194,2,5,1,Phase
770,194,65,195,3,5,1,Phase
771,195,66,196,1,5,2,Phase
772,196,66,197,2,5,2,Phase
773,197,66,198,3,5,2,Phase
774,198,67,199,1,5,3,Phase
775,199,67,200,2,5,3,Phase
776,200,67,201,3,5,3,Phase
777,201,68,202,1,5,4,Phase
778,202,68,203,2,5,4,Phase
779,203,68,204,3,5,4,Phase
780,204,69,205,1,5,5,Phase
781,205,69,206,2,5,5,Phase
782,206,69,207,3,5,5,Phase
783,207,70,208,1,5,6,Phase
784,208,70,209,2,5,6,Phase
785,209,70,210,3,5,6,Phase
786,210,71,211,1,5,7,Phase
787,211,71,212,2,5,7,Phase
788,212,71,213,3,5,7,Phase
789,213,72,214,1,5,8,Phase
790,214,72,215,2,5,8,Phase
791,215,72,216,3,5,8,Phase
792,216,73,217,1,5,9,Phase
793,217,73,218,2,5,9,Phase
794,218,73,219,3,5,9,Phase
795,219,74,220,1,5,10,Phase
796,220,74,221,2,5,10,Phase
797,221,74,222,3,5,10,Phase
798,222,75,223,1,5,11,Phase
799,223,75,224,2,5,11,Phase
800,224,75,225,3,5,11,Phase
801,225,76,226,1,5,12,Phase
802,226,76,227,2,5,12,Phase
803,227,76,228,3,5,12,Phase
804,228,77,229,1,5,13,Phase
805,229,77,230,2,5,13,Phase
806,230,77,231,3,5,13,Phase
807,231,78,232,1,5,14,Phase
808,232,78,233,2,5,14,Phase
809,233,78,234,3,5,14,Phase
810,234,79,235,1,5,15,Phase
811,235,79,236,2,5,15,Phase
812,236,79,237,3,5,15,Phase
813,237,80,238,1,5,16,Phase
814,238,80,239,2,5,16,Phase
815,239,80,240,3,5,16,Phase
816,240,81,241,1,6,1,Phase
817,241,81,242,2,6,1,Phase
818,242,81,243,3,6,1,Phase
819,243,82,244,1,6,2,Phase
820,244,82,245,2,6,2,Phase
821,245,82,246,3,6,2,Phase
822,246,83,247,1,6,3,Phase
823,247,83,248,2,6,3,Phase
824,248,83,249,3,6,3,Phase
825,249,84,250,1,6,4,Phase
826,250,84,251,2,6,4,Phase
827,251,84,252,3,6,4,Phase
828,252,85,253,1,6,5,Phase
829,253,85,254,2,6,5,Phase
830,254,85,255,3,6,5,Phase
831,255,86,256,1,6,6,Phase
832,256,86,257,2,6,6,Phase
833,257,86,258,3,6,6,Phase
834,258,87,259,1,6,7,Phase
835,259,87,260,2,6,7,Phase
836,260,87,261,3,6,7,Phase
837,261,88,262,1,6,8,Phase
838,262,88,263,2,6,8,Phase
839,263,88,264,3,6,8,Phase
840,264,89,265,1,6,9,Phase
841,265,89,266,2,6,9,Phase
842,266,89,267,3,6,9,Phase
843,267,90,268,1,6,10,Phase
844,268,90,269,2,6,10,Phase
845,269,90,270,3,6,10,Phase
846,270,91,271,1,6,11,Phase
847,271,91,272,2,6,11,Phase
848,272,91,273,3,6,11,Phase
849,273,92,274,1,6,12,Phase
850,274,92,275,2,6,12,Phase
851,275,92,276,3,6,12,Phase
852,276,93,277,1,6,13,Phase
853,277,93,278,2,6,13,Phase
854,278,93,279,3,6,13,Phase
855,279,94,280,1,6,14,Phase
856,280,94,281,2,6,14,Phase
857,281,94,282,3,6,14,Phase
858,282,95,283,1,6,15,Phase
859,283,95,284,2,6,15,Phase
860,284,95,285,3,6,15,Phase
861,285,96,286,1,6,16,Phase
862,286,96,287,2,6,16,Phase
863,287,96,288,3,6,16,Phase
864,288,97,289,1,7,1,Phase
865,289,97,290,2,7,1,Phase
866,290,97,291,3,7,1,Phase
867,291,98,292,1,7,2,Phase
868,292,98,293,2,7,2,Phase
869,293,98,294,3,7,2,Phase
870,294,99,295,1,7,3,Phase
871,295,99,296,2,7,3,Phase
872,296,99,297,3,7,3,Phase
873,297,100,298,1,7,4,Phase
874,298,100,299,2,7,4,Phase
875,299,100,300,3,7,4,Phase
876,300,101,301,1,7,5,Phase
877,301,101,302,2,7,5,Phase
878,302,101,303,3,7,5,Phase
879,303,102,304,1,7,6,Phase
880,304,102,305,2,7,6,Phase
881,305,102,306,3,7,6,Phase
882,306,103,307,1,7,7,Phase
883,307,103,308,2,7,7,Phase
884,308,103,309,3,7,7,Phase
885,309,104,310,1,7,8,Phase
886,310,104,311,2,7,8,Phase
887,311,104,312,3,7,8,Phase
888,312,105,313,1,7,9,Phase
889,313,105,314,2,7,9,Phase
890,314,105,315,3,7,9,Phase
891,315,106,316,1,7,10,Phase
892,316,106,317,2,7,10,Phase
893,317,106,318,3,7,10,Phase
894,318,107,319,1,7,11,Phase
895,319,107,320,2,7,11,Phase
896,320,107,321,3,7,11,Phase
897,321,108,322,1,7,12,Phase
898,322,108,323,2,7,12,Phase
899,323,108,324,3,7,12,Phase
900,324,109,325,1,7,13,Phase
901,325,109,326,2,7,13,Phase
902,326,109,327,3,7,13,Phase
903,327,110,328,1,7,14,Phase
904,328,110,329,2,7,14,Phase
905,329,110,330,3,7,14,Phase
906,330,111,331,1,7,15,Phase
907,331,111,332,2,7,15,Phase
908,332,111,333,3,7,15,Phase
909,333,112,334,1,7,16,Phase
910,334,112,335,2,7,16,Phase
911,335,112,336,3,7,16,Phase
912,336,113,337,1,8,1,Phase
913,337,113,338,2,8,1,Phase
914,338,113,339,3,8,1,Phase
915,339,114,340,1,8,2,Phase
916,340,114,341,2,8,2,Phase
917,341,114,342,3,8,2,Phase
918,342,115,343,1,8,3,Phase
919,343,115,344,2,8,3,Phase
920,344,115,345,3,8,3,Phase
921,345,116,346,1,8,4,Phase
922,346,116,347,2,8,4,Phase
923,347,116,348,3,8,4,Phase
924,348,117,349,1,8,5,Phase
925,349,117,350,2,8,5,Phase
926,350,117,351,3,8,5,Phase
927,351,118,352,1,8,6,Phase
928,352,118,353,2,8,6,Phase
929,353,118,354,3,8,6,Phase
930,354,119,355,1,8,7,Phase
931,355,119,356,2,8,7,Phase
932,356,119,357,3,8,7,Phase
933,357,120,358,1,8,8,Phase
934,358,120,359,2,8,8,Phase
935,359,120,360,3,8,8,Phase
936,360,121,361,1,8,9,Phase
937,361,121,362,2,8,9,Phase
938,362,121,363,3,8,9,Phase
939,363,122,364,1,8,10,Phase
940,364,122,365,2,8,10,Phase
941,365,122,366,3,8,10,Phase
942,366,123,367,1,8,11,Phase
943,367,123,368,2,8,11,Phase
944,368,123,369,3,8,11,Phase
945,369,124,370,1,8,12,Phase
946,370,124,371,2,8,12,Phase
947,371,124,372,3,8,12,Phase
948,372,125,373,1,8,13,Phase
949,373,125,374,2,8,13,Phase
950,374,125,375,3,8,13,Phase
951,375,126,376,1,8,14,Phase
952,376,126,377,2,8,14,Phase
953,377,126,378,3,8,14,Phase
954,378,127,379,1,8,15,Phase
955,379,127,380,2,8,15,Phase
956,380,127,381,3,8,15,Phase
957,381,128,382,1,8,16,Phase
958,382,128,383,2,8,16,Phase
959,383,128,384,3,8,16,Phase
960,384,129,385,1,9,1,Phase
961,385,129,386,2,9,1,Phase
962,386,129,387,3,9,1,Phase
963,387,130,388,1,9,2,Phase
964,388,130,389,2,9,2,Phase
965,389,130,390,3,9,2,Phase
966,390,131,391,1,9,3,Phase
967,391,131,392,2,9,3,Phase
968,392,131,393,3,9,3,Phase
969,393,132,394,1,9,4,Phase
970,394,132,395,2,9,4,Phase
971,395,132,396,3,9,4,Phase
972,396,133,397,1,9,5,Phase
973,397,133,398,2,9,5,Phase
974,398,133,399,3,9,5,Phase
975,399,134,400,1,9,6,Phase
976,400,134,401,2,9,6,Phase
977,401,134,402,3,9,6,Phase
978,402,135,403,1,9,7,Phase
979,403,135,404,2,9,7,Phase
980,404,135,405,3,9,7,Phase
981,405,136,406,1,9,8,Phase
982,406,136,407,2,9,8,Phase
983,407,136,408,3,9,8,Phase
984,408,137,409,1,9,9,Phase
985,409,137,410,2,9,9,Phase
986,410,137,411,3,9,9,Phase
987,411,138,412,1,9,10,Phase
988,412,138,413,2,9,10,Phase
989,413,138,414,3,9,10,Phase
990,414,139,415,1,9,11,Phase
991,415,139,416,2,9,11,Phase
992,416,139,417,3,9,11,Phase
993,417,140,418,1,9,12,Phase
994,418,140,419,2,9,12,Phase
995,419,140,420,3,9,12,Phase
996,420,141,421,1,9,13,Phase
997,421,141,422,2,9,13,Phase
998,422,141,423,3,9,13,Phase
999,423,142,424,1,9,14,Phase
1000,424,142,425,2,9,14,Phase
1001,425,142,426,3,9,14,Phase
1002,426,143,427,1,9,15,Phase
1003,427,143,428,2,9,15,Phase
1004,428,143,429,3,9,15,Phase
1005,429,144,430,1,9,16,Phase
1006,430,144,431,2,9,16,Phase
1007,431,144,432,3,9,16,Phase
1008,432,145,433,1,10,1,Phase
1009,433,145,434,2,10,1,Phase
1010,434,145,435,3,10,1,Phase
1011,435,146,436,1,10,2,Phase
1012,436,146,437,2,10,2,Phase
1013,437,146,438,3,10,2,Phase
1014,438,147,439,1,10,3,Phase
1015,439,147,440,2,10,3,Phase
1016,440,147,441,3,10,3,Phase
1017,441,148,442,1,10,4,Phase
1018,442,148,443,2,10,4,Phase
1019,443,148,444,3,10,4,Phase
1020,444,149,445,1,10,5,Phase
1021,445,149,446,2,10,5,Phase
1022,446,149,447,3,10,5,Phase
1023,447,150,448,1,10,6,Phase
1024,448,150,449,2,10,6,Phase
1025,449,150,450,3,10,6,Phase
1026,450,151,451,1,10,7,Phase
1027,451,151,452,2,10,7,Phase
1028,452,151,453,3,10,7,Phase
1029,453,152,454,1,10,8,Phase
1030,454,152,455,2,10,8,Phase
1031,455,152,456,3,10,8,Phase
1032,456,153,457,1,10,9,Phase
1033,457,153,458,2,10,9,Phase
1034,458,153,459,3,10,9,Phase
1035,459,154,460,1,10,10,Phase
1036,460,154,461,2,10,10,Phase
1037,461,154,462,3,10,10,Phase
1038,462,155,463,1,10,11,Phase
1039,463,155,464,2,10,11,Phase
1040,464,155,465,3,10,11,Phase
1041,465,156,466,1,10,12,Phase
1042,466,156,467,2,10,12,Phase
1043,467,156,468,3,10,12,Phase
1044,468,157,469,1,10,13,Phase
1045,469,157,470,2,10,13,Phase
1046,470,157,471,3,10,13,Phase
1047,471,158,472,1,10,14,Phase
1048,472,158,473,2,10,14,Phase
1049,473,158,474,3,10,14,Phase
1050,474,159,475,1,10,15,Phase
1051,475,159,476,2,10,15,Phase
1052,476,159,477,3,10,15,Phase
1053,477,160,478,1,10,16,Phase
1054,478,160,479,2,10,16,Phase
1055,479,160,480,3,10,16,Phase
1056,480,161,481,1,11,1,Phase
1057,481,161,482,2,11,1,Phase
1058,482,161,483,3,11,1,Phase
1059,483,162,484,1,11,2,Phase
1060,484,162,485,2,11,2,Phase
1061,485,162,486,3,11,2,Phase
1062,486,163,487,1,11,3,Phase
1063,487,163,488,2,11,3,Phase
1064,488,163,489,3,11,3,Phase
1065,489,164,490,1,11,4,Phase
1066,490,164,491,2,11,4,Phase
1067,491,164,492,3,11,4,Phase
1068,492,165,493,1,11,5,Phase
1069,493,165,494,2,11,5,Phase
1070,494,165,495,3,11,5,Phase
1071,495,166,496,1,11,6,Phase
1072,496,166,497,2,11,6,Phase
1073,497,166,498,3,11,6,Phase
1074,498,167,499,1,11,7,Phase
1075,499,167,500,2,11,7,Phase
1076,500,167,501,3,11,7,Phase
1077,501,168,502,1,11,8,Phase
1078,502,168,503,2,11,8,Phase
1079,503,168,504,3,11,8,Phase
1080,504,169,505,1,11,9,Phase
1081,505,169,506,2,11,9,Phase
1082,506,169,507,3,11,9,Phase
1083,507,170,508,1,11,10,Phase
1084,508,170,509,2,11,10,Phase
1085,509,170,510,3,11,10,Phase
1086,510,171,511,1,11,11,Phase
1087,511,171,512,2,11,11,Phase
1088,512,171,513,3,11,11,Phase
1089,513,172,514,1,11,12,Phase
1090,514,172,515,2,11,12,Phase
1091,515,172,516,3,11,12,Phase
1092,516,173,517,1,11,13,Phase
1093,517,173,518,2,11,13,Phase
1094,518,173,519,3,11,13,Phase
1095,519,174,520,1,11,14,Phase
1096,520,174,521,2,11,14,Phase
1097,521,174,522,3,11,14,Phase
1098,522,175,523,1,11,15,Phase
1099,523,175,524,2,11,15,Phase
1100,524,175,525,3,11,15,Phase
1101,525,176,526,1,11,16,Phase
1102,526,176,527,2,11,16,Phase
1103,527,176,528,3,11,16,Phase
1104,528,177,529,1,12,1,Phase
1105,529,177,530,2,12,1,Phase
1106,530,177,531,3,12,1,Phase
1107,531,178,532,1,12,2,Phase
1108,532,178,533,2,12,2,Phase
1109,533,178,534,3,12,2,Phase
1110,534,179,535,1,12,3,Phase
1111,535,179,536,2,12,3,Phase
1112,536,179,537,3,12,3,Phase
1113,537,180,538,1,12,4,Phase
1114,538,180,539,2,12,4,Phase
1115,539,180,540,3,12,4,Phase
1116,540,181,541,1,12,5,Phase
1117,541,181,542,2,12,5,Phase
1118,542,181,543,3,12,5,Phase
1119,543,182,544,1,12,6,Phase
1120,544,182,545,2,12,6,Phase
1121,545,182,546,3,12,6,Phase
1122,546,183,547,1,12,7,Phase
1123,547,183,548,2,12,7,Phase
1124,548,183,549,3,12,7,Phase
1125,549,184,550,1,12,8,Phase
1126,550,184,551,2,12,8,Phase
1127,551,184,552,3,12,8,Phase
1128,552,185,553,1,12,9,Phase
1129,553,185,554,2,12,9,Phase
1130,554,185,555,3,12,9,Phase
1131,555,186,556,1,12,10,Phase
1132,556,186,557,2,12,10,Phase
1133,557,186,558,3,12,10,Phase
1134,558,187,559,1,12,11,Phase
1135,559,187,560,2,12,11,Phase
1136,560,187,561,3,12,11,Phase
1137,561,188,562,1,12,12,Phase
1138,562,188,563,2,12,12,Phase
1139,563,188,564,3,12,12,Phase
1140,564,189,565,1,12,13,Phase
1141,565,189,566,2,12,13,Phase
1142,566,189,567,3,12,13,Phase
1143,567,190,568,1,12,14,Phase
1144,568,190,569,2,12,14,Phase
1145,569,190,570,3,12,14,Phase
1146,570,191,571,1,12,15,Phase
1147,571,191,572,2,12,15,Phase
1148,572,191,573,3,12,15,Phase
1149,573,192,574,1,12,16,Phase
1150,574,192,575,2,12,16,Phase
1151,575,192,576,3,12,16,Phase
